Iteration,Time,Fitness,FEvals,max_iters,Algorithm
0,0.0015509999939240515,1245.0,100.0,4096,GA
1,0.021698600001400337,1398.0,202.0,4096,GA
2,0.026335599992307834,1427.0,304.0,4096,GA
3,0.0315273000014713,1434.0,406.0,4096,GA
4,0.036571699994965456,1449.0,508.0,4096,GA
5,0.04200689999561291,1517.0,610.0,4096,GA
6,0.04635699999926146,1519.0,712.0,4096,GA
7,0.05132909999520052,1519.0,813.0,4096,GA
8,0.05588240000361111,1533.0,915.0,4096,GA
9,0.06111509999027476,1623.0,1017.0,4096,GA
10,0.06554309999046382,1632.0,1119.0,4096,GA
11,0.07010549999540672,1632.0,1220.0,4096,GA
12,0.07507419999456033,1638.0,1322.0,4096,GA
13,0.07952929999737535,1661.0,1424.0,4096,GA
14,0.08397359999071341,1673.0,1526.0,4096,GA
15,0.08832579999580048,1673.0,1627.0,4096,GA
16,0.09270939999260008,1714.0,1729.0,4096,GA
17,0.09815059999527875,1719.0,1831.0,4096,GA
18,0.10253809999267105,1719.0,1932.0,4096,GA
19,0.10698099998990074,1719.0,2033.0,4096,GA
20,0.11139029999321792,1743.0,2135.0,4096,GA
21,0.11579369999526534,1745.0,2237.0,4096,GA
22,0.12019709999731276,1779.0,2339.0,4096,GA
23,0.1246264999936102,1826.0,2441.0,4096,GA
24,0.13004750000254717,1826.0,2542.0,4096,GA
25,0.13587649998953566,1826.0,2643.0,4096,GA
26,0.1407623999984935,1826.0,2744.0,4096,GA
27,0.1452419999986887,1828.0,2846.0,4096,GA
28,0.14957949999370612,1828.0,2947.0,4096,GA
29,0.15429649999714456,1828.0,3048.0,4096,GA
30,0.15867969999089837,1863.0,3150.0,4096,GA
31,0.16304289999243338,1867.0,3252.0,4096,GA
32,0.167442599995411,1869.0,3354.0,4096,GA
33,0.17289239999081474,1881.0,3456.0,4096,GA
34,0.17735489999176934,1906.0,3558.0,4096,GA
35,0.18179419999069069,1911.0,3660.0,4096,GA
36,0.18767309999384452,1911.0,3761.0,4096,GA
37,0.19588279999152292,1911.0,3862.0,4096,GA
38,0.20061810000333935,1911.0,3963.0,4096,GA
39,0.20517129999643657,1928.0,4065.0,4096,GA
40,0.20956519999890588,1928.0,4166.0,4096,GA
41,0.21398659999249503,1933.0,4268.0,4096,GA
42,0.21852880000369623,1942.0,4370.0,4096,GA
43,0.22297409999009687,1946.0,4472.0,4096,GA
44,0.2273365000000922,1946.0,4573.0,4096,GA
45,0.23170910000044387,1965.0,4675.0,4096,GA
46,0.23614290000114124,1965.0,4776.0,4096,GA
47,0.2405521999899065,1965.0,4877.0,4096,GA
48,0.24498960000346415,1965.0,4978.0,4096,GA
49,0.24951169999258127,1965.0,5079.0,4096,GA
50,0.2539472999924328,1965.0,5180.0,4096,GA
51,0.2583745000010822,1965.0,5281.0,4096,GA
52,0.26278209999145474,1965.0,5382.0,4096,GA
53,0.2673064999980852,1965.0,5483.0,4096,GA
54,0.2716408999986015,1965.0,5584.0,4096,GA
55,0.2758639999956358,1975.0,5686.0,4096,GA
56,0.2803291000018362,1978.0,5788.0,4096,GA
57,0.28488549999019597,1995.0,5890.0,4096,GA
58,0.2893030999985058,1995.0,5991.0,4096,GA
59,0.293672300002072,1995.0,6092.0,4096,GA
60,0.2981301999971038,1995.0,6193.0,4096,GA
61,0.3025028999982169,1995.0,6294.0,4096,GA
62,0.30688950000330806,1995.0,6395.0,4096,GA
63,0.31134230000316165,1995.0,6496.0,4096,GA
64,0.316723700001603,1995.0,6597.0,4096,GA
65,0.32226770000124816,1995.0,6698.0,4096,GA
66,0.32665329999872483,2001.0,6800.0,4096,GA
67,0.33121429999300744,2001.0,6901.0,4096,GA
68,0.33558590000029653,2001.0,7002.0,4096,GA
69,0.34002079999481793,2001.0,7103.0,4096,GA
70,0.34445999999297783,2001.0,7204.0,4096,GA
71,0.3488223000022117,2001.0,7305.0,4096,GA
72,0.3532256000034977,2005.0,7407.0,4096,GA
73,0.35765779999201186,2005.0,7508.0,4096,GA
74,0.3622895000007702,2005.0,7609.0,4096,GA
75,0.366744099999778,2008.0,7711.0,4096,GA
76,0.3711534999893047,2008.0,7812.0,4096,GA
77,0.3757820000028005,2015.0,7914.0,4096,GA
78,0.3802488999936031,2015.0,8015.0,4096,GA
79,0.38467089999176096,2015.0,8116.0,4096,GA
80,0.389142100000754,2015.0,8217.0,4096,GA
81,0.39398439999786206,2015.0,8318.0,4096,GA
82,0.3984165000001667,2015.0,8419.0,4096,GA
83,0.40280219999840483,2015.0,8520.0,4096,GA
84,0.4073494999902323,2015.0,8621.0,4096,GA
85,0.4116968000016641,2015.0,8722.0,4096,GA
86,0.4161413999972865,2020.0,8824.0,4096,GA
87,0.42066399999021087,2020.0,8925.0,4096,GA
88,0.42566599999554455,2020.0,9026.0,4096,GA
89,0.43021439999574795,2020.0,9127.0,4096,GA
90,0.4348570000001928,2020.0,9228.0,4096,GA
91,0.4395607999904314,2020.0,9329.0,4096,GA
92,0.4441861999948742,2020.0,9430.0,4096,GA
93,0.44932759999937844,2020.0,9531.0,4096,GA
94,0.45381279999855906,2020.0,9632.0,4096,GA
95,0.4589525999908801,2020.0,9733.0,4096,GA
96,0.4635160000034375,2020.0,9834.0,4096,GA
97,0.46821779999299906,2020.0,9935.0,4096,GA
98,0.47289309999905527,2020.0,10036.0,4096,GA
99,0.47746409999672323,2020.0,10137.0,4096,GA
100,0.4820707000035327,2020.0,10238.0,4096,GA
101,0.48675729999376927,2020.0,10339.0,4096,GA
102,0.49127909999515396,2020.0,10440.0,4096,GA
103,0.49588950000179466,2020.0,10541.0,4096,GA
104,0.5004898999904981,2020.0,10642.0,4096,GA
105,0.5052285999991,2020.0,10743.0,4096,GA
106,0.509771400000318,2020.0,10844.0,4096,GA
107,0.5143256000010297,2020.0,10945.0,4096,GA
108,0.5194558999937726,2020.0,11046.0,4096,GA
109,0.5240866999956779,2020.0,11147.0,4096,GA
110,0.5286034000018844,2020.0,11248.0,4096,GA
111,0.5332327999931294,2020.0,11349.0,4096,GA
112,0.5388762999937171,2020.0,11450.0,4096,GA
113,0.5435746000002837,2020.0,11551.0,4096,GA
114,0.5482045999960974,2020.0,11652.0,4096,GA
115,0.5529905000003055,2020.0,11753.0,4096,GA
116,0.5576036999991629,2020.0,11854.0,4096,GA
117,0.5623407999955816,2020.0,11955.0,4096,GA
118,0.5669716999982484,2020.0,12056.0,4096,GA
119,0.5716335999895819,2020.0,12157.0,4096,GA
120,0.5762709999980871,2020.0,12258.0,4096,GA
121,0.5808759999927133,2020.0,12359.0,4096,GA
122,0.588237099989783,2020.0,12460.0,4096,GA
123,0.5931264999962877,2020.0,12561.0,4096,GA
124,0.5980947999923956,2020.0,12662.0,4096,GA
125,0.6036192000028677,2020.0,12763.0,4096,GA
126,0.6089352999988478,2020.0,12864.0,4096,GA
127,0.6140756999957375,2020.0,12965.0,4096,GA
128,0.6187551999901189,2020.0,13066.0,4096,GA
129,0.6245189999899594,2020.0,13167.0,4096,GA
130,0.6289953999948921,2020.0,13268.0,4096,GA
131,0.6352794999984326,2020.0,13369.0,4096,GA
132,0.640397800001665,2020.0,13470.0,4096,GA
133,0.6449371999915456,2020.0,13571.0,4096,GA
134,0.649453199992422,2020.0,13672.0,4096,GA
135,0.6541784000000916,2020.0,13773.0,4096,GA
136,0.6585172999912174,2020.0,13874.0,4096,GA
137,0.6628918999922462,2020.0,13975.0,4096,GA
138,0.6674437000037869,2020.0,14076.0,4096,GA
139,0.6720152999914717,2020.0,14177.0,4096,GA
140,0.6763959999952931,2020.0,14278.0,4096,GA
141,0.680783199990401,2020.0,14379.0,4096,GA
142,0.6853061000001617,2020.0,14480.0,4096,GA
143,0.6897916000016266,2020.0,14581.0,4096,GA
144,0.6945330000016838,2020.0,14682.0,4096,GA
145,0.6989570000005187,2020.0,14783.0,4096,GA
146,0.7035757999983616,2020.0,14884.0,4096,GA
147,0.7079578999982914,2020.0,14985.0,4096,GA
148,0.7123611999995774,2020.0,15086.0,4096,GA
149,0.7168357999908039,2020.0,15187.0,4096,GA
150,0.7214413000037894,2020.0,15288.0,4096,GA
151,0.725857299999916,2020.0,15389.0,4096,GA
152,0.7302103999973042,2020.0,15490.0,4096,GA
153,0.7346858999953838,2020.0,15591.0,4096,GA
154,0.7390748999896459,2020.0,15692.0,4096,GA
155,0.7434633999946527,2020.0,15793.0,4096,GA
156,0.747950499993749,2020.0,15894.0,4096,GA
157,0.7523775000008754,2020.0,15995.0,4096,GA
158,0.7567877999972552,2020.0,16096.0,4096,GA
159,0.7611872999987099,2020.0,16197.0,4096,GA
160,0.7657270999916364,2020.0,16298.0,4096,GA
161,0.7701410000008764,2020.0,16399.0,4096,GA
162,0.774495499994373,2020.0,16500.0,4096,GA
163,0.7788960999896517,2020.0,16601.0,4096,GA
164,0.7834022000024561,2020.0,16702.0,4096,GA
165,0.7878544999985024,2020.0,16803.0,4096,GA
166,0.792351600000984,2020.0,16904.0,4096,GA
167,0.7968948999914574,2020.0,17005.0,4096,GA
168,0.8013962999975774,2020.0,17106.0,4096,GA
169,0.8058617999922717,2020.0,17207.0,4096,GA
170,0.8106822999980068,2020.0,17308.0,4096,GA
171,0.815358699997887,2020.0,17409.0,4096,GA
172,0.8197670999943512,2020.0,17510.0,4096,GA
173,0.8243062999972608,2020.0,17611.0,4096,GA
174,0.8288297999970382,2020.0,17712.0,4096,GA
175,0.8332105000008596,2020.0,17813.0,4096,GA
176,0.8376557000010507,2020.0,17914.0,4096,GA
177,0.8421967000031145,2020.0,18015.0,4096,GA
178,0.8467566000035731,2020.0,18116.0,4096,GA
179,0.8512016000022413,2020.0,18217.0,4096,GA
180,0.8556475999939721,2020.0,18318.0,4096,GA
181,0.860107499989681,2020.0,18419.0,4096,GA
182,0.8645128999924054,2020.0,18520.0,4096,GA
183,0.8689801000000443,2020.0,18621.0,4096,GA
184,0.8733815000014147,2020.0,18722.0,4096,GA
185,0.8778474999999162,2020.0,18823.0,4096,GA
186,0.8823024000012083,2020.0,18924.0,4096,GA
187,0.8867338999989443,2020.0,19025.0,4096,GA
188,0.8911880999949062,2020.0,19126.0,4096,GA
189,0.8955357999948319,2020.0,19227.0,4096,GA
190,0.8999413999990793,2025.0,19329.0,4096,GA
191,0.9043079999973997,2025.0,19430.0,4096,GA
192,0.908691299991915,2025.0,19531.0,4096,GA
193,0.913139999989653,2025.0,19632.0,4096,GA
194,0.9175555999972858,2025.0,19733.0,4096,GA
195,0.9220724999904633,2025.0,19834.0,4096,GA
196,0.9264769000001252,2025.0,19935.0,4096,GA
197,0.931009299994912,2025.0,20036.0,4096,GA
198,0.9354236999934074,2025.0,20137.0,4096,GA
199,0.940013799990993,2025.0,20238.0,4096,GA
200,0.9444782999926247,2025.0,20339.0,4096,GA
201,0.948965199990198,2025.0,20440.0,4096,GA
202,0.9534242999943672,2025.0,20541.0,4096,GA
203,0.9578996999916853,2025.0,20642.0,4096,GA
204,0.962324299995089,2025.0,20743.0,4096,GA
205,0.9668136999971466,2025.0,20844.0,4096,GA
206,0.9713171999901533,2025.0,20945.0,4096,GA
207,0.9757435999927111,2025.0,21046.0,4096,GA
208,0.9808266000036383,2025.0,21147.0,4096,GA
209,0.9852709999977378,2025.0,21248.0,4096,GA
210,0.9898611999960849,2025.0,21349.0,4096,GA
211,0.9942627999989782,2025.0,21450.0,4096,GA
212,0.9985965999949258,2025.0,21551.0,4096,GA
213,1.0030259999912232,2025.0,21652.0,4096,GA
214,1.0073815999930957,2025.0,21753.0,4096,GA
215,1.0119547999929637,2025.0,21854.0,4096,GA
216,1.0164023999968776,2025.0,21955.0,4096,GA
217,1.0208066999912262,2025.0,22056.0,4096,GA
218,1.0252681999991182,2025.0,22157.0,4096,GA
219,1.0297826000023633,2025.0,22258.0,4096,GA
220,1.0349093999975594,2025.0,22359.0,4096,GA
221,1.0394187999918358,2025.0,22460.0,4096,GA
222,1.0439077999908477,2025.0,22561.0,4096,GA
223,1.0493956999998773,2025.0,22662.0,4096,GA
224,1.0542920000007143,2025.0,22763.0,4096,GA
225,1.0587180000002263,2025.0,22864.0,4096,GA
226,1.0632092000014381,2025.0,22965.0,4096,GA
227,1.0677184999949532,2025.0,23066.0,4096,GA
228,1.0723644999961834,2025.0,23167.0,4096,GA
229,1.0767713999957778,2025.0,23268.0,4096,GA
230,1.0812576000025729,2025.0,23369.0,4096,GA
231,1.0856442999938736,2025.0,23470.0,4096,GA
232,1.0900135999982012,2025.0,23571.0,4096,GA
233,1.0945738000009442,2025.0,23672.0,4096,GA
234,1.0990268000023207,2025.0,23773.0,4096,GA
235,1.1037260000011884,2025.0,23874.0,4096,GA
236,1.1082143999956315,2025.0,23975.0,4096,GA
237,1.11265129999083,2025.0,24076.0,4096,GA
238,1.1172131999919657,2025.0,24177.0,4096,GA
239,1.121626299995114,2025.0,24278.0,4096,GA
240,1.1261009000008926,2025.0,24379.0,4096,GA
241,1.130542400002014,2025.0,24480.0,4096,GA
242,1.136196999999811,2025.0,24581.0,4096,GA
243,1.1413849999953527,2025.0,24682.0,4096,GA
244,1.145943499999703,2025.0,24783.0,4096,GA
245,1.1505401999893365,2025.0,24884.0,4096,GA
246,1.155318899996928,2025.0,24985.0,4096,GA
247,1.1598747999960324,2025.0,25086.0,4096,GA
248,1.1643390999961412,2025.0,25187.0,4096,GA
249,1.1695999999938067,2025.0,25288.0,4096,GA
250,1.1740973999985727,2025.0,25389.0,4096,GA
251,1.1786261999950511,2025.0,25490.0,4096,GA
252,1.1831690999970306,2025.0,25591.0,4096,GA
253,1.187666400001035,2025.0,25692.0,4096,GA
254,1.192038599998341,2025.0,25793.0,4096,GA
255,1.1965417000028538,2025.0,25894.0,4096,GA
256,1.2008139999961713,2025.0,25995.0,4096,GA
257,1.2068671000015456,2025.0,26096.0,4096,GA
258,1.2112781000032555,2025.0,26197.0,4096,GA
259,1.2156760999932885,2025.0,26298.0,4096,GA
260,1.2203071999974782,2025.0,26399.0,4096,GA
261,1.2248042999999598,2025.0,26500.0,4096,GA
262,1.2293058999930508,2025.0,26601.0,4096,GA
263,1.2338331999926595,2025.0,26702.0,4096,GA
264,1.238492699994822,2025.0,26803.0,4096,GA
265,1.242930799999158,2025.0,26904.0,4096,GA
266,1.2473508999974001,2025.0,27005.0,4096,GA
267,1.2516975999897113,2025.0,27106.0,4096,GA
268,1.256083000000217,2025.0,27207.0,4096,GA
269,1.2605302000010852,2025.0,27308.0,4096,GA
270,1.2650092999974731,2025.0,27409.0,4096,GA
271,1.2694104999973206,2025.0,27510.0,4096,GA
272,1.2738525000022491,2025.0,27611.0,4096,GA
273,1.2783008999977028,2025.0,27712.0,4096,GA
274,1.2829044999962207,2025.0,27813.0,4096,GA
275,1.2873738999915076,2025.0,27914.0,4096,GA
276,1.291849799992633,2025.0,28015.0,4096,GA
277,1.296265199998743,2025.0,28116.0,4096,GA
278,1.3006454999995185,2025.0,28217.0,4096,GA
279,1.30513529999007,2025.0,28318.0,4096,GA
280,1.3095013999991352,2025.0,28419.0,4096,GA
281,1.316331199996057,2025.0,28520.0,4096,GA
282,1.3219046000012895,2025.0,28621.0,4096,GA
283,1.3263936000003014,2025.0,28722.0,4096,GA
284,1.3309987999964505,2025.0,28823.0,4096,GA
285,1.3353428999980679,2025.0,28924.0,4096,GA
286,1.33979119999276,2025.0,29025.0,4096,GA
287,1.3443505999894114,2025.0,29126.0,4096,GA
288,1.3488041999953566,2025.0,29227.0,4096,GA
289,1.3532870999915758,2025.0,29328.0,4096,GA
290,1.3577493999910075,2025.0,29429.0,4096,GA
291,1.3621469999925466,2025.0,29530.0,4096,GA
292,1.3666185999900335,2025.0,29631.0,4096,GA
293,1.371028399997158,2025.0,29732.0,4096,GA
294,1.3755619000003207,2025.0,29833.0,4096,GA
295,1.379963699990185,2025.0,29934.0,4096,GA
296,1.3844117999979062,2025.0,30035.0,4096,GA
297,1.3888517000013962,2025.0,30136.0,4096,GA
298,1.3934237999928882,2025.0,30237.0,4096,GA
299,1.3978685999900335,2025.0,30338.0,4096,GA
300,1.4022376999928383,2025.0,30439.0,4096,GA
301,1.4067406999965897,2025.0,30540.0,4096,GA
302,1.411222099995939,2025.0,30641.0,4096,GA
303,1.4157259999919916,2025.0,30742.0,4096,GA
304,1.4201819000008982,2025.0,30843.0,4096,GA
305,1.424752199993236,2025.0,30944.0,4096,GA
306,1.4292348000017228,2025.0,31045.0,4096,GA
307,1.4336274999950547,2025.0,31146.0,4096,GA
308,1.4381518000009237,2025.0,31247.0,4096,GA
309,1.4429638000001432,2025.0,31348.0,4096,GA
310,1.447368799999822,2025.0,31449.0,4096,GA
311,1.4521403999970062,2025.0,31550.0,4096,GA
312,1.45762129999639,2025.0,31651.0,4096,GA
313,1.4621340000012424,2025.0,31752.0,4096,GA
314,1.4666444999893429,2025.0,31853.0,4096,GA
315,1.4711692999990191,2025.0,31954.0,4096,GA
316,1.47561599999608,2025.0,32055.0,4096,GA
317,1.480092899990268,2025.0,32156.0,4096,GA
318,1.4845832999999402,2025.0,32257.0,4096,GA
319,1.4890197999920929,2025.0,32358.0,4096,GA
320,1.4934496999921976,2025.0,32459.0,4096,GA
321,1.4979528999974718,2025.0,32560.0,4096,GA
322,1.5026295999996364,2025.0,32661.0,4096,GA
323,1.5071975000028033,2025.0,32762.0,4096,GA
324,1.5117601999954786,2025.0,32863.0,4096,GA
325,1.5163266000017757,2025.0,32964.0,4096,GA
326,1.5207981999992626,2025.0,33065.0,4096,GA
327,1.5253185000037774,2025.0,33166.0,4096,GA
328,1.529827899998054,2025.0,33267.0,4096,GA
329,1.5344564999977592,2025.0,33368.0,4096,GA
330,1.5389074999984587,2025.0,33469.0,4096,GA
331,1.543416200001957,2025.0,33570.0,4096,GA
332,1.5480130999931134,2025.0,33671.0,4096,GA
333,1.5529020999965724,2025.0,33772.0,4096,GA
334,1.5573780999984592,2025.0,33873.0,4096,GA
335,1.561850099998992,2025.0,33974.0,4096,GA
336,1.5664452999917557,2025.0,34075.0,4096,GA
337,1.5708756999956677,2025.0,34176.0,4096,GA
338,1.5753277999901911,2025.0,34277.0,4096,GA
339,1.5800985999958357,2025.0,34378.0,4096,GA
340,1.5856641999998828,2025.0,34479.0,4096,GA
341,1.5906095999962417,2025.0,34580.0,4096,GA
342,1.5954340000025695,2025.0,34681.0,4096,GA
343,1.6003843999933451,2025.0,34782.0,4096,GA
344,1.6054568999970797,2025.0,34883.0,4096,GA
345,1.610155999995186,2025.0,34984.0,4096,GA
346,1.6149428999924567,2025.0,35085.0,4096,GA
347,1.6198497000004863,2025.0,35186.0,4096,GA
348,1.6247278999944683,2025.0,35287.0,4096,GA
349,1.6294991000031587,2025.0,35388.0,4096,GA
350,1.6349780000018654,2025.0,35489.0,4096,GA
351,1.6410194999916712,2025.0,35590.0,4096,GA
352,1.6459286000026623,2025.0,35691.0,4096,GA
353,1.6508537999907276,2025.0,35792.0,4096,GA
354,1.6559109999943757,2025.0,35893.0,4096,GA
355,1.6607741999905556,2025.0,35994.0,4096,GA
356,1.665519399990444,2025.0,36095.0,4096,GA
357,1.6704534000018612,2025.0,36196.0,4096,GA
358,1.6751493999909144,2025.0,36297.0,4096,GA
359,1.67992989999766,2025.0,36398.0,4096,GA
360,1.6847526999918045,2025.0,36499.0,4096,GA
361,1.6895756000012625,2025.0,36600.0,4096,GA
362,1.6942942000023322,2025.0,36701.0,4096,GA
363,1.6989480999909574,2025.0,36802.0,4096,GA
364,1.7037916999979643,2025.0,36903.0,4096,GA
365,1.7085056999931112,2025.0,37004.0,4096,GA
366,1.7132062000018777,2025.0,37105.0,4096,GA
367,1.7184479999996256,2025.0,37206.0,4096,GA
368,1.7243292999919504,2025.0,37307.0,4096,GA
369,1.7302523999969708,2025.0,37408.0,4096,GA
370,1.7358379999932367,2025.0,37509.0,4096,GA
371,1.740627899998799,2025.0,37610.0,4096,GA
372,1.7452635999943595,2025.0,37711.0,4096,GA
373,1.7501776999997674,2025.0,37812.0,4096,GA
374,1.755048799997894,2025.0,37913.0,4096,GA
375,1.7597681999905035,2025.0,38014.0,4096,GA
376,1.7645168000017293,2025.0,38115.0,4096,GA
377,1.7692922999995062,2025.0,38216.0,4096,GA
378,1.7740319000004092,2025.0,38317.0,4096,GA
379,1.7788025999907404,2025.0,38418.0,4096,GA
380,1.783799299999373,2025.0,38519.0,4096,GA
381,1.7884500999934971,2025.0,38620.0,4096,GA
382,1.7932013999961782,2025.0,38721.0,4096,GA
383,1.7979829999967478,2025.0,38822.0,4096,GA
384,1.802700400003232,2025.0,38923.0,4096,GA
385,1.8074181999982102,2025.0,39024.0,4096,GA
386,1.812194999991334,2025.0,39125.0,4096,GA
387,1.8169265999895288,2025.0,39226.0,4096,GA
388,1.821614699991187,2025.0,39327.0,4096,GA
389,1.8263501999899745,2025.0,39428.0,4096,GA
390,1.8311579000001075,2025.0,39529.0,4096,GA
391,1.8359154999925522,2025.0,39630.0,4096,GA
392,1.840635000000475,2025.0,39731.0,4096,GA
393,1.8455458999960683,2025.0,39832.0,4096,GA
394,1.850275299992063,2025.0,39933.0,4096,GA
395,1.8549548000009963,2025.0,40034.0,4096,GA
396,1.859786000000895,2025.0,40135.0,4096,GA
397,1.8644378000026336,2025.0,40236.0,4096,GA
398,1.869153699997696,2025.0,40337.0,4096,GA
399,1.8738865999912377,2025.0,40438.0,4096,GA
400,1.8787000000011176,2025.0,40539.0,4096,GA
401,1.8834265999903437,2025.0,40640.0,4096,GA
402,1.8881428000022424,2025.0,40741.0,4096,GA
403,1.8928767999896081,2025.0,40842.0,4096,GA
404,1.8976312000013422,2025.0,40943.0,4096,GA
405,1.902376899990486,2025.0,41044.0,4096,GA
406,1.907266599999275,2025.0,41145.0,4096,GA
407,1.9120561000017915,2025.0,41246.0,4096,GA
408,1.916778400001931,2025.0,41347.0,4096,GA
409,1.9215834999922663,2025.0,41448.0,4096,GA
410,1.926326999993762,2025.0,41549.0,4096,GA
411,1.9310853999922983,2025.0,41650.0,4096,GA
412,1.935900500000571,2025.0,41751.0,4096,GA
413,1.9408669999975245,2025.0,41852.0,4096,GA
414,1.9455256999935955,2025.0,41953.0,4096,GA
415,1.950148599993554,2025.0,42054.0,4096,GA
416,1.9548627999902237,2025.0,42155.0,4096,GA
417,1.9595762999961153,2025.0,42256.0,4096,GA
418,1.9643106000003172,2025.0,42357.0,4096,GA
419,1.9690718999918317,2025.0,42458.0,4096,GA
420,1.9737183999968693,2025.0,42559.0,4096,GA
421,1.978454199997941,2025.0,42660.0,4096,GA
422,1.983232799990219,2025.0,42761.0,4096,GA
423,1.9880046000034781,2025.0,42862.0,4096,GA
424,1.992693899999722,2025.0,42963.0,4096,GA
425,1.9974324999930104,2025.0,43064.0,4096,GA
426,2.0022071999992477,2025.0,43165.0,4096,GA
427,2.0069717000005767,2025.0,43266.0,4096,GA
428,2.0117277999961516,2025.0,43367.0,4096,GA
429,2.016560699994443,2025.0,43468.0,4096,GA
430,2.0211957999999868,2025.0,43569.0,4096,GA
431,2.026042099998449,2025.0,43670.0,4096,GA
432,2.0307778999995207,2025.0,43771.0,4096,GA
433,2.036125999991782,2025.0,43872.0,4096,GA
434,2.040905899993959,2025.0,43973.0,4096,GA
435,2.0456695000029868,2025.0,44074.0,4096,GA
436,2.05128010000044,2025.0,44175.0,4096,GA
437,2.0561327999894274,2025.0,44276.0,4096,GA
438,2.0608443999954034,2025.0,44377.0,4096,GA
439,2.0656009999947855,2025.0,44478.0,4096,GA
440,2.07043700000213,2025.0,44579.0,4096,GA
441,2.075176999991527,2025.0,44680.0,4096,GA
442,2.0800312999926973,2025.0,44781.0,4096,GA
443,2.0848408000019845,2025.0,44882.0,4096,GA
444,2.0896790999977384,2025.0,44983.0,4096,GA
445,2.0945447999984026,2025.0,45084.0,4096,GA
446,2.099435700001777,2025.0,45185.0,4096,GA
447,2.1041441999987,2025.0,45286.0,4096,GA
448,2.1087899999984074,2025.0,45387.0,4096,GA
449,2.114069399991422,2025.0,45488.0,4096,GA
450,2.1190365999937057,2025.0,45589.0,4096,GA
451,2.123875399993267,2025.0,45690.0,4096,GA
452,2.129411899994011,2025.0,45791.0,4096,GA
453,2.135588299992378,2025.0,45892.0,4096,GA
454,2.1405338999902597,2025.0,45993.0,4096,GA
455,2.145367699995404,2025.0,46094.0,4096,GA
456,2.150158199990983,2025.0,46195.0,4096,GA
457,2.1553570999967633,2025.0,46296.0,4096,GA
458,2.160175299999537,2025.0,46397.0,4096,GA
459,2.1650448000000324,2025.0,46498.0,4096,GA
460,2.1699573999940185,2025.0,46599.0,4096,GA
461,2.1747615999920527,2025.0,46700.0,4096,GA
462,2.1795707999990555,2025.0,46801.0,4096,GA
463,2.1844636000023456,2025.0,46902.0,4096,GA
464,2.189322299993364,2025.0,47003.0,4096,GA
465,2.19409399999131,2025.0,47104.0,4096,GA
466,2.1989210000028834,2025.0,47205.0,4096,GA
467,2.2039491000032285,2025.0,47306.0,4096,GA
468,2.208726700002444,2025.0,47407.0,4096,GA
469,2.2135324999981094,2025.0,47508.0,4096,GA
470,2.218335700003081,2025.0,47609.0,4096,GA
471,2.223153099999763,2025.0,47710.0,4096,GA
472,2.227859399994486,2025.0,47811.0,4096,GA
473,2.2327375000022585,2025.0,47912.0,4096,GA
474,2.2374931999947876,2025.0,48013.0,4096,GA
475,2.2423032999940915,2025.0,48114.0,4096,GA
476,2.246991199994227,2025.0,48215.0,4096,GA
477,2.25187759999244,2025.0,48316.0,4096,GA
478,2.2567045999894617,2025.0,48417.0,4096,GA
479,2.2614317999978084,2025.0,48518.0,4096,GA
480,2.266470999995363,2025.0,48619.0,4096,GA
481,2.2713143000000855,2025.0,48720.0,4096,GA
482,2.276162399997702,2025.0,48821.0,4096,GA
483,2.28100029999041,2025.0,48922.0,4096,GA
484,2.2857895999914035,2025.0,49023.0,4096,GA
485,2.2905789999931585,2025.0,49124.0,4096,GA
486,2.295345799997449,2025.0,49225.0,4096,GA
487,2.3001067000004696,2025.0,49326.0,4096,GA
488,2.304901499999687,2025.0,49427.0,4096,GA
489,2.3096503999986453,2025.0,49528.0,4096,GA
490,2.31556940000155,2025.0,49629.0,4096,GA
491,2.320384999999078,2025.0,49730.0,4096,GA
492,2.3251951999991434,2025.0,49831.0,4096,GA
493,2.3300786999898264,2025.0,49932.0,4096,GA
494,2.3347257999994326,2025.0,50033.0,4096,GA
495,2.3395231000031345,2025.0,50134.0,4096,GA
496,2.3443425000004936,2025.0,50235.0,4096,GA
497,2.3492047999898205,2025.0,50336.0,4096,GA
498,2.35399150000012,2025.0,50437.0,4096,GA
499,2.358770499995444,2025.0,50538.0,4096,GA
500,2.363530999995419,2025.0,50639.0,4096,GA
501,2.3683024999918416,2025.0,50740.0,4096,GA
502,2.3731129999941913,2025.0,50841.0,4096,GA
503,2.3779489000007743,2025.0,50942.0,4096,GA
504,2.382794399993145,2025.0,51043.0,4096,GA
505,2.3876235999923665,2025.0,51144.0,4096,GA
506,2.392541199995321,2025.0,51245.0,4096,GA
507,2.3973202999914065,2025.0,51346.0,4096,GA
508,2.4020841000019573,2025.0,51447.0,4096,GA
509,2.406896999993478,2025.0,51548.0,4096,GA
510,2.411607299989555,2025.0,51649.0,4096,GA
511,2.416418299995712,2025.0,51750.0,4096,GA
512,2.42132579999452,2025.0,51851.0,4096,GA
513,2.428380899989861,2025.0,51952.0,4096,GA
514,2.4331500999978743,2025.0,52053.0,4096,GA
515,2.438014799990924,2025.0,52154.0,4096,GA
516,2.4427963999914937,2025.0,52255.0,4096,GA
517,2.447566899994854,2025.0,52356.0,4096,GA
518,2.4525512999971397,2025.0,52457.0,4096,GA
519,2.4575845999934245,2025.0,52558.0,4096,GA
520,2.4623774999927264,2025.0,52659.0,4096,GA
521,2.46720159999677,2025.0,52760.0,4096,GA
522,2.4720757999893976,2025.0,52861.0,4096,GA
523,2.4768962999951327,2025.0,52962.0,4096,GA
524,2.481648999993922,2025.0,53063.0,4096,GA
525,2.486477600003127,2025.0,53164.0,4096,GA
526,2.4912343000032706,2025.0,53265.0,4096,GA
527,2.495971600001212,2025.0,53366.0,4096,GA
528,2.500841999994009,2025.0,53467.0,4096,GA
529,2.5056766999914544,2025.0,53568.0,4096,GA
530,2.5104660999932094,2025.0,53669.0,4096,GA
531,2.5152969999908237,2025.0,53770.0,4096,GA
532,2.520121699999436,2025.0,53871.0,4096,GA
533,2.524974799991469,2025.0,53972.0,4096,GA
534,2.529788500003633,2025.0,54073.0,4096,GA
535,2.534706599995843,2025.0,54174.0,4096,GA
536,2.5395163999928627,2025.0,54275.0,4096,GA
537,2.544268400000874,2025.0,54376.0,4096,GA
538,2.549073000001954,2025.0,54477.0,4096,GA
539,2.5538008000003174,2025.0,54578.0,4096,GA
540,2.5585332999908132,2025.0,54679.0,4096,GA
541,2.563415700002224,2025.0,54780.0,4096,GA
542,2.568098799994914,2025.0,54881.0,4096,GA
543,2.5728623000031803,2025.0,54982.0,4096,GA
544,2.577691699989373,2025.0,55083.0,4096,GA
545,2.582419899990782,2025.0,55184.0,4096,GA
546,2.5871925999963423,2025.0,55285.0,4096,GA
547,2.5919744999991963,2025.0,55386.0,4096,GA
548,2.5968763999990188,2025.0,55487.0,4096,GA
549,2.601666699993075,2025.0,55588.0,4096,GA
550,2.6064136999921175,2025.0,55689.0,4096,GA
551,2.6112655000033556,2025.0,55790.0,4096,GA
552,2.6160795999894617,2025.0,55891.0,4096,GA
553,2.620911199992406,2025.0,55992.0,4096,GA
554,2.6273073999909684,2025.0,56093.0,4096,GA
555,2.6339205999975093,2025.0,56194.0,4096,GA
556,2.63912339998933,2025.0,56295.0,4096,GA
557,2.6440726000000723,2025.0,56396.0,4096,GA
558,2.648908399991342,2025.0,56497.0,4096,GA
559,2.6540396999916993,2025.0,56598.0,4096,GA
560,2.65892580000218,2025.0,56699.0,4096,GA
561,2.66375199999311,2025.0,56800.0,4096,GA
562,2.668782900000224,2025.0,56901.0,4096,GA
563,2.6735505999968154,2025.0,57002.0,4096,GA
564,2.6782907000015257,2025.0,57103.0,4096,GA
565,2.6833636999945156,2025.0,57204.0,4096,GA
566,2.688624299989897,2025.0,57305.0,4096,GA
567,2.6934847999946214,2025.0,57406.0,4096,GA
568,2.698351200000616,2025.0,57507.0,4096,GA
569,2.7031376999948407,2025.0,57608.0,4096,GA
570,2.7079289999965113,2025.0,57709.0,4096,GA
571,2.7126721999957226,2025.0,57810.0,4096,GA
572,2.7174853999895277,2025.0,57911.0,4096,GA
573,2.7222753999958513,2025.0,58012.0,4096,GA
574,2.727004400003352,2025.0,58113.0,4096,GA
575,2.731850199998007,2025.0,58214.0,4096,GA
576,2.73658909999358,2025.0,58315.0,4096,GA
577,2.741441299993312,2025.0,58416.0,4096,GA
578,2.74632059999567,2025.0,58517.0,4096,GA
579,2.7512578000023495,2025.0,58618.0,4096,GA
580,2.7560694999992847,2025.0,58719.0,4096,GA
581,2.76085520000197,2025.0,58820.0,4096,GA
582,2.7657000000035623,2025.0,58921.0,4096,GA
583,2.770480699997279,2025.0,59022.0,4096,GA
584,2.7752248000033433,2025.0,59123.0,4096,GA
585,2.7801012999989325,2025.0,59224.0,4096,GA
586,2.784917899989523,2025.0,59325.0,4096,GA
587,2.7897415999905206,2025.0,59426.0,4096,GA
588,2.7946945000003325,2025.0,59527.0,4096,GA
589,2.79948929999955,2025.0,59628.0,4096,GA
590,2.804252699992503,2025.0,59729.0,4096,GA
591,2.8090379999921424,2025.0,59830.0,4096,GA
592,2.8138694999943255,2025.0,59931.0,4096,GA
593,2.818664499995066,2025.0,60032.0,4096,GA
594,2.823419099993771,2025.0,60133.0,4096,GA
595,2.8283789999986766,2025.0,60234.0,4096,GA
596,2.8331763000023784,2025.0,60335.0,4096,GA
597,2.837868899994646,2025.0,60436.0,4096,GA
598,2.8427987000031862,2025.0,60537.0,4096,GA
599,2.847578599990811,2025.0,60638.0,4096,GA
600,2.8523332999902777,2025.0,60739.0,4096,GA
601,2.8570941999932984,2025.0,60840.0,4096,GA
602,2.861866799998097,2025.0,60941.0,4096,GA
603,2.8667532999970717,2025.0,61042.0,4096,GA
604,2.871639499993762,2025.0,61143.0,4096,GA
605,2.876376200001687,2025.0,61244.0,4096,GA
606,2.8811798999959137,2025.0,61345.0,4096,GA
607,2.885940899999696,2025.0,61446.0,4096,GA
608,2.8908465999993496,2025.0,61547.0,4096,GA
609,2.895654399995692,2025.0,61648.0,4096,GA
610,2.9004617000027793,2025.0,61749.0,4096,GA
611,2.905355900002178,2025.0,61850.0,4096,GA
612,2.91004659999453,2025.0,61951.0,4096,GA
613,2.9148064000037266,2025.0,62052.0,4096,GA
614,2.9197488999925554,2025.0,62153.0,4096,GA
615,2.924567099995329,2025.0,62254.0,4096,GA
616,2.929412299999967,2025.0,62355.0,4096,GA
617,2.9342883999925107,2025.0,62456.0,4096,GA
618,2.9390943000034895,2025.0,62557.0,4096,GA
619,2.943860699990182,2025.0,62658.0,4096,GA
620,2.948779899990768,2025.0,62759.0,4096,GA
621,2.9537406000017654,2025.0,62860.0,4096,GA
622,2.9585475999920163,2025.0,62961.0,4096,GA
623,2.9633402999897953,2025.0,63062.0,4096,GA
624,2.968192200001795,2025.0,63163.0,4096,GA
625,2.9730447999900207,2025.0,63264.0,4096,GA
626,2.97780849999981,2025.0,63365.0,4096,GA
627,2.982688499992946,2025.0,63466.0,4096,GA
628,2.987535399995977,2025.0,63567.0,4096,GA
629,2.9923050999932457,2025.0,63668.0,4096,GA
630,2.997155599994585,2025.0,63769.0,4096,GA
631,3.0020656999986386,2025.0,63870.0,4096,GA
632,3.0067454999953043,2025.0,63971.0,4096,GA
633,3.011581799990381,2025.0,64072.0,4096,GA
634,3.016408700001193,2025.0,64173.0,4096,GA
635,3.021165700003621,2025.0,64274.0,4096,GA
636,3.026007499996922,2025.0,64375.0,4096,GA
637,3.0312127999932272,2025.0,64476.0,4096,GA
638,3.036264199996367,2025.0,64577.0,4096,GA
639,3.040940699997009,2025.0,64678.0,4096,GA
640,3.046261499999673,2025.0,64779.0,4096,GA
641,3.051343699989957,2025.0,64880.0,4096,GA
642,3.0560878999967827,2025.0,64981.0,4096,GA
643,3.060927200000151,2025.0,65082.0,4096,GA
644,3.065841299991007,2025.0,65183.0,4096,GA
645,3.0705510999978287,2025.0,65284.0,4096,GA
646,3.0753415999934077,2025.0,65385.0,4096,GA
647,3.08016409999982,2025.0,65486.0,4096,GA
648,3.084961200001999,2025.0,65587.0,4096,GA
649,3.0897041999996873,2025.0,65688.0,4096,GA
650,3.0945965999999316,2025.0,65789.0,4096,GA
651,3.0993917000014335,2025.0,65890.0,4096,GA
652,3.1041468999901554,2025.0,65991.0,4096,GA
653,3.109057199995732,2025.0,66092.0,4096,GA
654,3.1139290999999503,2025.0,66193.0,4096,GA
655,3.118712299998151,2025.0,66294.0,4096,GA
656,3.123768299992662,2025.0,66395.0,4096,GA
657,3.1301892999908887,2025.0,66496.0,4096,GA
658,3.135505700003705,2025.0,66597.0,4096,GA
659,3.1403919000003953,2025.0,66698.0,4096,GA
660,3.1452961999893887,2025.0,66799.0,4096,GA
661,3.15026239999861,2025.0,66900.0,4096,GA
662,3.1553177000023425,2025.0,67001.0,4096,GA
663,3.1601971999916714,2025.0,67102.0,4096,GA
664,3.165928399990662,2025.0,67203.0,4096,GA
665,3.171613200000138,2025.0,67304.0,4096,GA
666,3.1767752000014298,2025.0,67405.0,4096,GA
667,3.1816236000013305,2025.0,67506.0,4096,GA
668,3.1877435999922454,2025.0,67607.0,4096,GA
669,3.1945333999901777,2025.0,67708.0,4096,GA
670,3.2006236000015633,2025.0,67809.0,4096,GA
671,3.2064601000020048,2025.0,67910.0,4096,GA
672,3.215783999999985,2025.0,68011.0,4096,GA
673,3.2220671999966726,2025.0,68112.0,4096,GA
674,3.2279533999972045,2025.0,68213.0,4096,GA
675,3.23826349999581,2025.0,68314.0,4096,GA
676,3.2466928999929223,2025.0,68415.0,4096,GA
677,3.254950899994583,2025.0,68516.0,4096,GA
678,3.2621118999959435,2025.0,68617.0,4096,GA
679,3.2700537999917287,2025.0,68718.0,4096,GA
680,3.277339699998265,2025.0,68819.0,4096,GA
681,3.2866279000008944,2025.0,68920.0,4096,GA
682,3.294759399999748,2025.0,69021.0,4096,GA
683,3.304031399995438,2025.0,69122.0,4096,GA
684,3.312464999995427,2025.0,69223.0,4096,GA
685,3.3203958999947645,2025.0,69324.0,4096,GA
686,3.3291210000024876,2025.0,69425.0,4096,GA
687,3.33767049999733,2025.0,69526.0,4096,GA
688,3.347271799997543,2025.0,69627.0,4096,GA
689,3.357360599999083,2025.0,69728.0,4096,GA
690,3.366640099993674,2025.0,69829.0,4096,GA
